start_time,end_time,filename
1682829052.037351,1682829062.317608,saved_streams/output_video~1682829052.0373504~1682829062.1056075~0.mp4
1682829062.3236086,1682829073.0375545,saved_streams/output_video~1682829062.3236084~1682829072.8305502~1.mp4
1682829164.4230506,1682829174.7091026,saved_streams/output_video~1682829164.4230506~1682829174.4951015~0.mp4
1682829174.7171154,1682829184.9822507,saved_streams/output_video~1682829174.7171156~1682829184.785232~1.mp4
1682829227.6210823,1682829287.942567,saved_streams/output_video~1682829227.6210825~1682829287.6975644~0.mp4
1682829287.9495654,1682829348.226665,saved_streams/output_video~1682829287.9495654~1682829348.0286667~1.mp4
1682829348.2326884,1682829408.4911685,saved_streams/output_video~1682829348.2326884~1682829408.2831686~2.mp4
1682829408.4961693,1682829468.7490735,saved_streams/output_video~1682829408.4961693~1682829468.5520728~3.mp4
1682829871.8755474,1682829902.145525,saved_streams\output_video~1682829871.8755476~1682829901.9445224~0.mp4
1682829902.1515243,1682829932.4120984,saved_streams\output_video~1682829902.1515245~1682829932.2110994~1.mp4
1682829932.4180994,1682829962.6865132,saved_streams\output_video~1682829932.4180996~1682829962.4824915~2.mp4
1682829962.6924934,1682829992.9443214,saved_streams\output_video~1682829962.6924937~1682829992.7513025~3.mp4
1682829992.9493024,1682830023.224797,saved_streams\output_video~1682829992.9493024~1682830023.0228212~4.mp4
1682830023.2297974,1682830053.50424,saved_streams\output_video~1682830023.2297978~1682830053.285422~5.mp4
1682830053.5092387,1682830085.2831824,saved_streams\output_video~1682830053.5092387~1682830085.0532956~6.mp4
1682830085.2881668,1682830115.6198807,saved_streams\output_video~1682830085.2881668~1682830115.3808777~7.mp4
1682830115.6274981,1682830146.003036,saved_streams\output_video~1682830115.6274981~1682830145.812031~8.mp4
1682830146.0080414,1682830176.282588,saved_streams\output_video~1682830146.0080414~1682830176.0805702~9.mp4
1682830176.2875926,1682830206.5810854,saved_streams\output_video~1682830176.2875926~1682830206.3510892~10.mp4
1682830206.5860856,1682830236.8694398,saved_streams\output_video~1682830206.5860856~1682830236.6364398~11.mp4
1682830236.8744395,1682830267.1305587,saved_streams\output_video~1682830236.8744397~1682830266.9405584~12.mp4
1682830267.1355586,1682830297.4024668,saved_streams\output_video~1682830267.1355584~1682830297.1994665~13.mp4
1682830297.4085047,1682830329.0638762,saved_streams\output_video~1682830297.4085047~1682830328.8598561~14.mp4
1682830329.068876,1682830359.3513699,saved_streams\output_video~1682830329.068876~1682830359.1433508~15.mp4
1682830359.35637,1682830390.6564882,saved_streams\output_video~1682830359.35637~1682830390.4624925~16.mp4
1682830390.661485,1682830420.9283738,saved_streams\output_video~1682830390.661485~1682830420.7363615~17.mp4
1682830420.9333735,1682830451.2012932,saved_streams\output_video~1682830420.9333737~1682830451.0162916~18.mp4
1682830451.2062922,1682830481.4776876,saved_streams\output_video~1682830451.2062922~1682830481.2838495~19.mp4
1682830481.4836874,1682830511.7513466,saved_streams\output_video~1682830481.4836874~1682830511.5623457~20.mp4
1682830511.7563515,1682830542.0411944,saved_streams\output_video~1682830511.7563515~1682830541.8408494~21.mp4
1682830542.0461938,1682830572.3445122,saved_streams\output_video~1682830542.046194~1682830572.131518~22.mp4
1682830572.3515134,1682830602.6387765,saved_streams\output_video~1682830572.3515136~1682830602.424553~23.mp4
1682830602.6457727,1682830632.8810465,saved_streams\output_video~1682830602.6457727~1682830632.6920407~24.mp4
1682830632.8870685,1682830663.3688302,saved_streams\output_video~1682830632.8870683~1682830663.1228256~25.mp4
1682830663.3768232,1682830693.62684,saved_streams\output_video~1682830663.3768232~1682830693.4358363~26.mp4
1682830693.6328366,1682830723.886975,saved_streams\output_video~1682830693.6328366~1682830723.6906962~27.mp4
1682830723.895979,1682830754.1738622,saved_streams\output_video~1682830723.895979~1682830753.970847~28.mp4
1682830754.1798675,1682830784.4342346,saved_streams\output_video~1682830754.1798675~1682830784.2402186~29.mp4
1682830784.439233,1682830814.7005315,saved_streams\output_video~1682830784.439233~1682830814.4991722~30.mp4
1682830814.7055507,1682830844.977947,saved_streams\output_video~1682830814.7055507~1682830844.7699394~31.mp4
1682830844.9829464,1682830875.2715428,saved_streams\output_video~1682830844.9829466~1682830875.0718863~32.mp4
1682830875.2765427,1682830905.5528073,saved_streams\output_video~1682830875.2765427~1682830905.3478055~33.mp4
1682830905.5578072,1682830935.8844054,saved_streams\output_video~1682830905.5578072~1682830935.6254003~34.mp4
1682830935.8944006,1682830966.1483614,saved_streams\output_video~1682830935.8944006~1682830965.9453628~35.mp4
1682830966.1543634,1682830996.4211464,saved_streams\output_video~1682830966.1543636~1682830996.2106874~36.mp4
1682830996.4271472,1682831026.699627,saved_streams\output_video~1682830996.4271472~1682831026.4876149~37.mp4
1682831026.7056205,1682831057.0514472,saved_streams\output_video~1682831026.7056203~1682831056.8154478~38.mp4
1682831057.0564475,1682831087.341682,saved_streams\output_video~1682831057.0564475~1682831087.1266885~39.mp4
1682831087.34771,1682831117.6051414,saved_streams\output_video~1682831087.34771~1682831117.414158~40.mp4
1682831117.6111453,1682831147.8981285,saved_streams\output_video~1682831117.6111453~1682831147.6961133~41.mp4
1682831147.9031339,1682831178.163206,saved_streams\output_video~1682831147.9031339~1682831177.9678597~42.mp4
1682831178.1692073,1682831208.4848485,saved_streams\output_video~1682831178.1692076~1682831208.2998493~43.mp4
1682831208.4908488,1682831238.7402651,saved_streams\output_video~1682831208.4908488~1682831238.555265~44.mp4
1682831238.7452645,1682831269.0262446,saved_streams\output_video~1682831238.7452643~1682831268.8120317~45.mp4
1682831269.03024,1682831302.2962332,saved_streams\output_video~1682831269.03024~1682831302.095107~46.mp4
1682831302.3012328,1682831332.582597,saved_streams\output_video~1682831302.3012328~1682831332.3945844~47.mp4
1682831332.5875938,1682831362.8401005,saved_streams\output_video~1682831332.5875938~1682831362.6560988~48.mp4
1682831362.8450992,1682831393.109382,saved_streams\output_video~1682831362.8450992~1682831392.9131136~49.mp4
1682831393.1183774,1682831423.3806765,saved_streams\output_video~1682831393.1183774~1682831423.184674~50.mp4
1682831423.3866765,1682831453.7043335,saved_streams\output_video~1682831423.3866765~1682831453.5173347~51.mp4
1682831453.7093337,1682831483.9707625,saved_streams\output_video~1682831453.7093334~1682831483.7807448~52.mp4
1682831483.9767625,1682831514.2298913,saved_streams\output_video~1682831483.9767625~1682831514.041891~53.mp4
1682831514.234891,1682831544.4933758,saved_streams\output_video~1682831514.2348907~1682831544.3013613~54.mp4
1682831544.4983757,1682831578.8441648,saved_streams\output_video~1682831544.4983754~1682831578.6561465~55.mp4
1682831578.849165,1682831609.1073909,saved_streams\output_video~1682831578.8491647~1682831608.9093897~56.mp4
1682831609.1123912,1682831641.3122466,saved_streams\output_video~1682831609.1123912~1682831641.040857~57.mp4
1682831641.3172462,1682831671.8325567,saved_streams\output_video~1682831641.3172462~1682831671.625348~58.mp4
1682831671.8375394,1682831702.1253295,saved_streams\output_video~1682831671.8375397~1682831701.9015684~59.mp4
1682831702.1323125,1682831732.3910127,saved_streams\output_video~1682831702.1323125~1682831732.203012~60.mp4
1682831732.3970125,1682831762.6606472,saved_streams\output_video~1682831732.3970125~1682831762.4550145~61.mp4
1682831762.6656482,1682831792.940317,saved_streams\output_video~1682831762.6656482~1682831792.7452965~62.mp4
1682831792.947297,1682831823.2043426,saved_streams\output_video~1682831792.947297~1682831823.015322~63.mp4
1682831823.2093222,1682831853.5065494,saved_streams\output_video~1682831823.2093222~1682831853.2725527~64.mp4
1682831853.516549,1682831883.7749312,saved_streams\output_video~1682831853.516549~1682831883.5769155~65.mp4
1682831883.7809322,1682831914.1247866,saved_streams\output_video~1682831883.7809322~1682831913.9337733~66.mp4
1682831914.129786,1682831944.4017859,saved_streams\output_video~1682831914.129786~1682831944.2097745~67.mp4
1682831944.4177856,1682831974.6630132,saved_streams\output_video~1682831944.4177856~1682831974.4660175~68.mp4
1682831974.668014,1682832004.9510715,saved_streams\output_video~1682831974.668014~1682832004.7280695~69.mp4
1682832004.9620724,1682832035.2160757,saved_streams\output_video~1682832004.9620724~1682832035.0260684~70.mp4
1682832035.2210765,1682832065.4924364,saved_streams\output_video~1682832035.2210763~1682832065.2974348~71.mp4
1682832065.4974375,1682832095.7667775,saved_streams\output_video~1682832065.4974375~1682832095.5777762~72.mp4
1682832095.7717948,1682832126.0224452,saved_streams\output_video~1682832095.7717948~1682832125.8354454~73.mp4
1682832126.0274456,1682832156.3034456,saved_streams\output_video~1682832126.0274456~1682832156.0974455~74.mp4
1682832156.3084455,1682832186.5784461,saved_streams\output_video~1682832156.3084457~1682832186.3784437~75.mp4
1682832186.5834696,1682832216.8506105,saved_streams\output_video~1682832186.5834694~1682832216.6635933~76.mp4
1682832216.8555975,1682832255.6484132,saved_streams\output_video~1682832216.8555977~1682832253.2681293~77.mp4
1682832255.6534126,1682832285.9164126,saved_streams\output_video~1682832255.6534126~1682832285.731412~78.mp4
1682832285.9214125,1682832316.1844158,saved_streams\output_video~1682832285.9214125~1682832316.0004122~79.mp4
1682832316.1904144,1682832346.5273054,saved_streams\output_video~1682832316.1904144~1682832346.3432853~80.mp4
1682832346.533302,1682832376.8365545,saved_streams\output_video~1682832346.533302~1682832376.655554~81.mp4
1682832376.842555,1682832407.0957706,saved_streams\output_video~1682832376.842555~1682832406.9127893~82.mp4
1682832407.1007724,1682832437.3551142,saved_streams\output_video~1682832407.1007724~1682832437.1585853~83.mp4
1682832437.3611145,1682832467.7147846,saved_streams\output_video~1682832437.3611143~1682832467.5197883~84.mp4
1682832467.719785,1682832498.0058064,saved_streams\output_video~1682832467.719785~1682832497.8108053~85.mp4
1682832498.0118024,1682832528.3216248,saved_streams\output_video~1682832498.0118022~1682832528.1176093~86.mp4
1682832528.3266294,1682832558.5630474,saved_streams\output_video~1682832528.3266294~1682832558.3760455~87.mp4
1682832558.5690608,1682832588.8704796,saved_streams\output_video~1682832558.5690608~1682832588.6524787~88.mp4
1682832588.878482,1682832619.2692895,saved_streams\output_video~1682832588.878482~1682832619.0682936~89.mp4
1682832619.2743108,1682832649.509648,saved_streams\output_video~1682832619.2743108~1682832649.3276343~90.mp4
1682832649.5186505,1682832679.77918,saved_streams\output_video~1682832649.5186503~1682832679.5871823~91.mp4
1682832679.7841828,1682832710.1405404,saved_streams\output_video~1682832679.7841828~1682832709.9455392~92.mp4
1682832710.1455402,1682832740.4519565,saved_streams\output_video~1682832710.1455402~1682832740.2399561~93.mp4
1682832740.460956,1682832770.7640169,saved_streams\output_video~1682832740.460956~1682832770.5780182~94.mp4
1682832770.7720175,1682832801.0395927,saved_streams\output_video~1682832770.7720175~1682832800.8157258~95.mp4
1682832801.0445926,1682832831.3105867,saved_streams\output_video~1682832801.0445924~1682832831.1105843~96.mp4
1682832831.3165839,1682832861.6216257,saved_streams\output_video~1682832831.316584~1682832861.3756092~97.mp4
1682832861.6276155,1682832891.919958,saved_streams\output_video~1682832861.6276155~1682832891.6778636~98.mp4
1682832891.9259586,1682832922.1701708,saved_streams\output_video~1682832891.9259584~1682832921.9881704~99.mp4
1682832922.1761713,1682832952.4124687,saved_streams\output_video~1682832922.1761713~1682832952.2284544~100.mp4
1682832952.4184566,1682832982.6792223,saved_streams\output_video~1682832952.4184563~1682832982.4872205~101.mp4
1682832982.6852214,1682833012.9508686,saved_streams\output_video~1682832982.6852217~1682833012.7518451~102.mp4
1682833012.9558673,1682833043.2118206,saved_streams\output_video~1682833012.9558673~1682833043.0278206~103.mp4
1682833043.2178204,1682833073.6753168,saved_streams\output_video~1682833043.2178202~1682833073.4923015~104.mp4
1682833073.681322,1682833103.9154284,saved_streams\output_video~1682833073.681322~1682833103.7284284~105.mp4
1682833103.9234273,1682833134.1682346,saved_streams\output_video~1682833103.9234273~1682833133.975629~106.mp4
1682833134.177234,1682833164.4179814,saved_streams\output_video~1682833134.177234~1682833164.2279797~107.mp4
1682833164.4239824,1682833194.7023687,saved_streams\output_video~1682833164.4239826~1682833194.4953682~108.mp4
1682833194.7083664,1682833225.1889462,saved_streams\output_video~1682833194.7083666~1682833224.9819915~109.mp4
1682833225.1949458,1682833255.4509542,saved_streams\output_video~1682833225.1949458~1682833255.2679548~110.mp4
1682833255.4559546,1682833285.7281578,saved_streams\output_video~1682833255.4559543~1682833285.5321581~111.mp4
1682833285.7341568,1682833315.9851456,saved_streams\output_video~1682833285.7341568~1682833315.8041453~112.mp4
1682833315.9911456,1682833346.2802074,saved_streams\output_video~1682833315.9911454~1682833346.0632043~113.mp4
1682833346.2902071,1682833376.5845034,saved_streams\output_video~1682833346.290207~1682833376.374504~114.mp4
1682833376.5905035,1682833406.8494158,saved_streams\output_video~1682833376.5905037~1682833406.6664143~115.mp4
1682833406.855417,1682833437.1081152,saved_streams\output_video~1682833406.855417~1682833436.9238567~116.mp4
1682833437.1131144,1682833467.3577275,saved_streams\output_video~1682833437.1131146~1682833467.1717134~117.mp4
1682833467.3637214,1682833497.60893,saved_streams\output_video~1682833467.3637214~1682833497.4249122~118.mp4
1682833497.6149294,1682833527.8528855,saved_streams\output_video~1682833497.6149294~1682833527.667163~119.mp4
1682833527.8578894,1682833558.0978909,saved_streams\output_video~1682833527.8578897~1682833557.9178908~120.mp4
1682833558.1038911,1682833588.345486,saved_streams\output_video~1682833558.1038907~1682833588.1534858~121.mp4
1682833588.351486,1682833618.6234393,saved_streams\output_video~1682833588.351486~1682833618.4312115~122.mp4
1682833618.6294394,1682833648.8882618,saved_streams\output_video~1682833618.6294396~1682833648.7002616~123.mp4
1682833648.8942626,1682833679.1588893,saved_streams\output_video~1682833648.8942623~1682833678.9758737~124.mp4
1682833679.1648786,1682833709.427642,saved_streams\output_video~1682833679.164879~1682833709.225644~125.mp4
1682833709.4346435,1682833739.7616687,saved_streams\output_video~1682833709.4346437~1682833739.51167~126.mp4
1682833739.774668,1682833770.0415564,saved_streams\output_video~1682833739.774668~1682833769.8435342~127.mp4
1682833770.0475562,1682833800.329924,saved_streams\output_video~1682833770.0475562~1682833800.143918~128.mp4
1682833800.3359394,1682833830.570784,saved_streams\output_video~1682833800.3359396~1682833830.3867776~129.mp4
1682833830.5767815,1682833860.8468163,saved_streams\output_video~1682833830.5767817~1682833860.6593041~130.mp4
1682833860.8528128,1682833891.1166553,saved_streams\output_video~1682833860.8528128~1682833890.9340527~131.mp4
1682833891.1216545,1682833921.3737824,saved_streams\output_video~1682833891.1216545~1682833921.1907809~132.mp4
1682833921.3807788,1682833951.6318455,saved_streams\output_video~1682833921.3807788~1682833951.448828~133.mp4
1682833951.6368432,1682833981.8811455,saved_streams\output_video~1682833951.6368432~1682833981.6951451~134.mp4
1682833981.8871455,1682834012.1330473,saved_streams\output_video~1682833981.8871455~1682834011.9500628~135.mp4
1682834012.1390464,1682834042.423783,saved_streams\output_video~1682834012.1390464~1682834042.218771~136.mp4
1682834042.4297824,1682834072.6874082,saved_streams\output_video~1682834042.4297826~1682834072.4874072~137.mp4
1682834072.6934175,1682834102.9671626,saved_streams\output_video~1682834072.6934175~1682834102.7681427~138.mp4
1682834102.9731634,1682834133.2261586,saved_streams\output_video~1682834102.973163~1682834133.037142~139.mp4
1682834133.2361429,1682834163.460276,saved_streams\output_video~1682834133.2361429~1682834163.2742586~140.mp4
1682834163.4662793,1682834193.7559776,saved_streams\output_video~1682834163.4662793~1682834193.5379663~141.mp4
1682834193.7619765,1682834224.000537,saved_streams\output_video~1682834193.7619765~1682834223.8195145~142.mp4
1682834224.005537,1682834254.409401,saved_streams\output_video~1682834224.005537~1682834254.189405~143.mp4
1682834254.4154007,1682834284.7041814,saved_streams\output_video~1682834254.4154007~1682834284.4951804~144.mp4
1682834284.7101815,1682834314.9728758,saved_streams\output_video~1682834284.7101817~1682834314.786859~145.mp4
1682834314.9808748,1682834345.2350626,saved_streams\output_video~1682834314.9808748~1682834345.0540447~146.mp4
1682834345.2410614,1682834375.489114,saved_streams\output_video~1682834345.2410617~1682834375.305097~147.mp4
1682834375.4941132,1682834405.7771356,saved_streams\output_video~1682834375.4941132~1682834405.5731342~148.mp4
1682834405.783135,1682834436.0325036,saved_streams\output_video~1682834405.783135~1682834435.8384879~149.mp4
1682834436.0384865,1682834466.2965555,saved_streams\output_video~1682834436.0384865~1682834466.1155381~150.mp4
1682834466.302559,1682834496.5609872,saved_streams\output_video~1682834466.302559~1682834496.3784468~151.mp4
1682834496.5669909,1682834526.8487089,saved_streams\output_video~1682834496.5669909~1682834526.6547484~152.mp4
1682834526.8547087,1682834557.1244233,saved_streams\output_video~1682834526.8547087~1682834556.9394073~153.mp4
1682834557.1294274,1682834587.3880513,saved_streams\output_video~1682834557.1294272~1682834587.2020302~154.mp4
1682834587.394051,1682834617.6406858,saved_streams\output_video~1682834587.394051~1682834617.458685~155.mp4
1682834617.6466846,1682834647.8832884,saved_streams\output_video~1682834617.6466846~1682834647.6962702~156.mp4
1682834647.8882868,1682834678.1536758,saved_streams\output_video~1682834647.8882868~1682834677.9716508~157.mp4
1682834678.1596699,1682834708.5194993,saved_streams\output_video~1682834678.1596699~1682834708.3364825~158.mp4
1682834708.5255027,1682834738.7798822,saved_streams\output_video~1682834708.5255027~1682834738.5908644~159.mp4
1682834738.7858849,1682834769.0444064,saved_streams\output_video~1682834738.785885~1682834768.861424~160.mp4
1682834769.0534115,1682834799.317621,saved_streams\output_video~1682834769.0534115~1682834799.1316304~161.mp4
1682834799.3236294,1682834829.5897858,saved_streams\output_video~1682834799.3236294~1682834829.4057677~162.mp4
1682834829.5947855,1682834859.8453286,saved_streams\output_video~1682834829.5947857~1682834859.661307~163.mp4
1682834859.851328,1682834890.0997913,saved_streams\output_video~1682834859.851328~1682834889.918793~164.mp4
1682834890.1048107,1682834920.3499124,saved_streams\output_video~1682834890.1048107~1682834920.1560934~165.mp4
1682834920.355931,1682834950.6029522,saved_streams\output_video~1682834920.355931~1682834950.4209316~166.mp4
1682834950.608956,1682834980.838447,saved_streams\output_video~1682834950.6089559~1682834980.6564298~167.mp4
1682834980.8434453,1682835011.101998,saved_streams\output_video~1682834980.8434453~1682835010.8999896~168.mp4
1682835011.108001,1682835041.3437448,saved_streams\output_video~1682835011.108001~1682835041.1583443~169.mp4
1682835041.35076,1682835071.6104176,saved_streams\output_video~1682835041.35076~1682835071.4194164~170.mp4
1682835071.6154172,1682835101.890408,saved_streams\output_video~1682835071.6154172~1682835101.6944075~171.mp4
1682835101.897408,1682835132.148251,saved_streams\output_video~1682835101.897408~1682835131.9642498~172.mp4
1682835132.1532516,1682835162.401583,saved_streams\output_video~1682835132.1532514~1682835162.2186196~173.mp4
1682835162.4076002,1682835192.6667619,saved_streams\output_video~1682835162.4076002~1682835192.481746~174.mp4
1682835192.672762,1682835222.9089851,saved_streams\output_video~1682835192.672762~1682835222.7299845~175.mp4
1682835222.9149847,1682835253.1957028,saved_streams\output_video~1682835222.9149847~1682835252.9857006~176.mp4
1682835253.2037027,1682835283.5028539,saved_streams\output_video~1682835253.2037027~1682835283.3038673~177.mp4
1682835283.5088527,1682835313.742547,saved_streams\output_video~1682835283.5088527~1682835313.5615308~178.mp4
1682835313.7485294,1682835344.0015938,saved_streams\output_video~1682835313.7485294~1682835343.8136523~179.mp4
1682835344.0075946,1682835374.268425,saved_streams\output_video~1682835344.0075943~1682835374.0844033~180.mp4
1682835374.2744074,1682835404.532974,saved_streams\output_video~1682835374.2744076~1682835404.3499722~181.mp4
1682835404.5389748,1682835434.8005474,saved_streams\output_video~1682835404.5389748~1682835434.618531~182.mp4
1682835434.805547,1682835465.064207,saved_streams\output_video~1682835434.805547~1682835464.883207~183.mp4
1682835465.0712073,1682835495.3292115,saved_streams\output_video~1682835465.0712073~1682835495.146198~184.mp4
1682835495.334218,1682835525.5955074,saved_streams\output_video~1682835495.334218~1682835525.4145055~185.mp4
1682835525.603508,1682835555.8683875,saved_streams\output_video~1682835525.603508~1682835555.6820846~186.mp4
1682835555.8743749,1682835586.1179125,saved_streams\output_video~1682835555.8743749~1682835585.9369137~187.mp4
1682835586.124912,1682835616.3628955,saved_streams\output_video~1682835586.124912~1682835616.180895~188.mp4
1682835616.3688948,1682835646.6232975,saved_streams\output_video~1682835616.368895~1682835646.4412804~189.mp4
1682835646.629301,1682835676.9273891,saved_streams\output_video~1682835646.629301~1682835676.7053888~190.mp4
1682835676.9333887,1682835707.202065,saved_streams\output_video~1682835676.9333887~1682835707.0100524~191.mp4
1682835707.2080536,1682835737.8498,saved_streams\output_video~1682835707.2080536~1682835737.625783~192.mp4
1682835737.8558,1682835768.8844914,saved_streams\output_video~1682835737.8558~1682835768.6814737~193.mp4
1682835768.9500465,1682835799.2229824,saved_streams\output_video~1682835768.9500463~1682835799.010972~194.mp4
1682835799.2289822,1682835829.6210532,saved_streams\output_video~1682835799.2289822~1682835829.4233298~195.mp4
1682835829.6270528,1682835859.8900812,saved_streams\output_video~1682835829.6270528~1682835859.7040606~196.mp4
1682835859.896081,1682835891.128623,saved_streams\output_video~1682835859.896081~1682835890.9010224~197.mp4
1682835891.134623,1682835921.417744,saved_streams\output_video~1682835891.134623~1682835921.207742~198.mp4
1682835921.423742,1682835951.6911926,saved_streams\output_video~1682835921.423742~1682835951.505179~199.mp4
1682835951.697192,1682835981.9460511,saved_streams\output_video~1682835951.697192~1682835981.763931~200.mp4
1682835981.9520519,1682836012.2683573,saved_streams\output_video~1682835981.9520519~1682836012.0563035~201.mp4
1682836012.2743564,1682836042.509991,saved_streams\output_video~1682836012.2743564~1682836042.3299727~202.mp4
1682836042.5159929,1682836072.7732027,saved_streams\output_video~1682836042.515993~1682836072.572184~203.mp4
1682836072.7792015,1682836103.0185852,saved_streams\output_video~1682836072.7792015~1682836102.83559~204.mp4
1682836103.0245848,1682836133.2895298,saved_streams\output_video~1682836103.0245848~1682836133.1075299~205.mp4
1682836133.295533,1682836163.5456102,saved_streams\output_video~1682836133.295533~1682836163.3665934~206.mp4
1682836163.551611,1682836193.789957,saved_streams\output_video~1682836163.551611~1682836193.60195~207.mp4
1682836193.797934,1682836224.0433276,saved_streams\output_video~1682836193.797934~1682836223.8603275~208.mp4
1682836224.048327,1682836254.282208,saved_streams\output_video~1682836224.048327~1682836254.1002045~209.mp4
1682836254.2892082,1682836284.5548148,saved_streams\output_video~1682836254.2892082~1682836284.3658144~210.mp4
1682836284.559815,1682836314.8044062,saved_streams\output_video~1682836284.5598147~1682836314.6224089~211.mp4
1682836314.8104045,1682836345.038874,saved_streams\output_video~1682836314.8104045~1682836344.8567252~212.mp4
1682836345.0448744,1682836375.2894585,saved_streams\output_video~1682836345.0448744~1682836375.0984523~213.mp4
1682836375.2954745,1682836405.5526762,saved_streams\output_video~1682836375.2954743~1682836405.3697636~214.mp4
1682836405.5646589,1682836435.8375337,saved_streams\output_video~1682836405.564659~1682836435.6279583~215.mp4
1682836435.8435323,1682836466.0860558,saved_streams\output_video~1682836435.8435323~1682836465.9030387~216.mp4
1682836466.0920508,1682836496.3872163,saved_streams\output_video~1682836466.0920508~1682836496.1542163~217.mp4
1682836496.393215,1682836526.672696,saved_streams\output_video~1682836496.393215~1682836526.4899302~218.mp4
1682836526.6786938,1682836556.9413526,saved_streams\output_video~1682836526.6786938~1682836556.7602692~219.mp4
1682836556.9473526,1682836587.2054644,saved_streams\output_video~1682836556.9473524~1682836587.0214658~220.mp4
1682836587.2114644,1682836617.4796398,saved_streams\output_video~1682836587.2114644~1682836617.292622~221.mp4
1682836617.4856384,1682836647.7324991,saved_streams\output_video~1682836617.4856389~1682836647.549494~222.mp4
1682836647.7394981,1682836677.9779148,saved_streams\output_video~1682836647.739498~1682836677.7978947~223.mp4
1682836677.9849155,1682836708.2550778,saved_streams\output_video~1682836677.9849155~1682836708.0574942~224.mp4
1682836708.2610776,1682884359.5405545,saved_streams\output_video~1682836708.2610776~1682884359.0624964~225.mp4
1682884359.5535562,1682884389.8980858,saved_streams\output_video~1682884359.5535562~1682884389.7076027~226.mp4
1682892149.386252,1682892179.7285647,saved_streams\output_video~1682892149.386252~1682892179.4535651~0.mp4
1682892179.7395544,1682892209.9935846,saved_streams\output_video~1682892179.7395546~1682892209.7935693~1.mp4
1682892210.0005894,1682892240.289978,saved_streams\output_video~1682892210.0005894~1682892240.0549772~2.mp4
1682892240.2989807,1682892270.6143386,saved_streams\output_video~1682892240.2989807~1682892270.3673406~3.mp4
1682892270.6203387,1682892300.934681,saved_streams\output_video~1682892270.6203387~1682892300.6996806~4.mp4
1682892300.940681,1682892331.2432234,saved_streams\output_video~1682892300.940681~1682892331.0572243~5.mp4
1682892331.2492232,1682892361.576697,saved_streams\output_video~1682892331.2492232~1682892361.3766882~6.mp4
1682892361.5826855,1682892391.85759,saved_streams\output_video~1682892361.5826857~1682892391.6625698~7.mp4
1682892391.8695896,1682892422.1317961,saved_streams\output_video~1682892391.8695896~1682892421.9447963~8.mp4
1682892422.1387944,1682892452.4084988,saved_streams\output_video~1682892422.1387944~1682892452.2214813~9.mp4
1682892452.4144974,1682892482.9438488,saved_streams\output_video~1682892452.4144974~1682892482.7568316~10.mp4
1682892482.9508448,1682892513.2213385,saved_streams\output_video~1682892482.9508448~1682892513.0253203~11.mp4
1682892527.1172485,1682892557.381846,saved_streams\output_video~1682892527.1172485~1682892557.192824~0.mp4
1682892557.3898456,1682892588.3646133,saved_streams\output_video~1682892557.3898456~1682892588.157636~1.mp4
1682892588.3706133,1682892618.6182804,saved_streams\output_video~1682892588.3706133~1682892618.4242961~2.mp4
1682892618.644279,1682892649.0351052,saved_streams\output_video~1682892618.644279~1682892648.8275564~3.mp4
1682892649.04309,1682892679.308865,saved_streams\output_video~1682892649.04309~1682892679.1198761~4.mp4
1682892679.3148654,1682892709.6023986,saved_streams\output_video~1682892679.3148654~1682892709.387403~5.mp4
1682892709.6093986,1682892739.8878753,saved_streams\output_video~1682892709.6093986~1682892739.6723402~6.mp4
1682892739.8938844,1682892770.2474046,saved_streams\output_video~1682892739.8938844~1682892770.0473926~7.mp4
1682892770.2534087,1682892800.4848247,saved_streams\output_video~1682892770.2534087~1682892800.2998228~8.mp4
1682892800.4908252,1682892830.7512994,saved_streams\output_video~1682892800.4908252~1682892830.5602765~9.mp4
1682892830.7582774,1682892861.017694,saved_streams\output_video~1682892830.7582774~1682892860.830683~10.mp4
1682892861.0237017,1682892891.2693033,saved_streams\output_video~1682892861.0237017~1682892891.0799081~11.mp4
1682892891.2793021,1682892921.5321894,saved_streams\output_video~1682892891.2793021~1682892921.3441913~12.mp4
1682892921.5381894,1682892951.8001933,saved_streams\output_video~1682892921.5381894~1682892951.6131804~13.mp4
1682892951.80718,1682892982.0442548,saved_streams\output_video~1682892951.80718~1682892981.8552468~14.mp4
1682892982.0502546,1682893012.3087506,saved_streams\output_video~1682892982.0502546~1682893012.1237512~15.mp4
1682893012.3147511,1682893042.5593235,saved_streams\output_video~1682893012.3147511~1682893042.3713229~16.mp4
1682893042.5653226,1682893072.8193526,saved_streams\output_video~1682893042.5653226~1682893072.6353526~17.mp4
1682893072.8253524,1682893103.079971,saved_streams\output_video~1682893072.8253524~1682893102.892966~18.mp4
1682893103.08597,1682893133.340387,saved_streams\output_video~1682893103.08597~1682893133.1543882~19.mp4
1682893133.3464093,1682893163.588287,saved_streams\output_video~1682893133.3464093~1682893163.4022825~20.mp4
1682893163.5982835,1682893193.8503876,saved_streams\output_video~1682893163.5982835~1682893193.665405~21.mp4
1682893193.856387,1682893224.1483953,saved_streams\output_video~1682893193.856387~1682893223.9414096~22.mp4
1682893224.1553955,1682893254.4036672,saved_streams\output_video~1682893224.1553955~1682893254.2186506~23.mp4
1682893254.409667,1682893284.673278,saved_streams\output_video~1682893254.409667~1682893284.4852622~24.mp4
1682893284.679277,1682893314.9433858,saved_streams\output_video~1682893284.679277~1682893314.7593782~25.mp4
1682893314.9503882,1682893345.226444,saved_streams\output_video~1682893314.9503882~1682893345.0274277~26.mp4
1682893345.2324474,1682893375.4884248,saved_streams\output_video~1682893345.2324474~1682893375.3024397~27.mp4
1682893375.494424,1682893405.742979,saved_streams\output_video~1682893375.494424~1682893405.5569606~28.mp4
1682893405.7499776,1682893435.9967763,saved_streams\output_video~1682893405.7499776~1682893435.8107755~29.mp4
1682893436.0027766,1682893466.2458854,saved_streams\output_video~1682893436.0027766~1682893466.056867~30.mp4
1682893466.251885,1682893496.6318018,saved_streams\output_video~1682893466.251885~1682893496.3348005~31.mp4
1682893496.6418035,1682893526.8896534,saved_streams\output_video~1682893496.6418035~1682893526.6936536~32.mp4
1682893526.8966537,1682893557.228138,saved_streams\output_video~1682893526.8966537~1682893556.9711351~33.mp4
1682893557.234151,1682893587.4857664,saved_streams\output_video~1682893557.234151~1682893587.293744~34.mp4
1682893587.4927657,1682893617.7947056,saved_streams\output_video~1682893587.4927657~1682893617.5757036~35.mp4
1682893617.8007047,1682893648.1005337,saved_streams\output_video~1682893617.8007047~1682893647.901529~36.mp4
1682893648.1075456,1682893680.4877276,saved_streams\output_video~1682893648.1075456~1682893680.3017247~37.mp4
1682893680.4937267,1682893710.747768,saved_streams\output_video~1682893680.4937267~1682893710.5637667~38.mp4
1682893710.7547674,1682893742.0091565,saved_streams\output_video~1682893710.7547674~1682893741.8171613~39.mp4
1682893742.0161552,1682893772.3126822,saved_streams\output_video~1682893742.0161552~1682893772.1266787~40.mp4
1682893772.3196805,1682893803.2557137,saved_streams\output_video~1682893772.3196805~1682893803.056714~41.mp4
1682893803.2617116,1682893833.5283718,saved_streams\output_video~1682893803.2617116~1682893833.3403904~42.mp4
1682893833.5343704,1682893866.2603538,saved_streams\output_video~1682893833.5343704~1682893866.0583932~43.mp4
1682893866.2663536,1682893896.537628,saved_streams\output_video~1682893866.2663536~1682893896.3436108~44.mp4
1682893896.5446105,1682893928.6488554,saved_streams\output_video~1682893896.5446105~1682893928.386857~45.mp4
1682893928.6548557,1682893959.0965526,saved_streams\output_video~1682893928.6548557~1682893958.8835547~46.mp4
1682893959.1025527,1682893989.3870144,saved_streams\output_video~1682893959.1025527~1682893989.171~47.mp4
1682893989.3960032,1682894019.6475923,saved_streams\output_video~1682893989.3960032~1682894019.4625933~48.mp4
1682894019.6545913,1682894049.9561987,saved_streams\output_video~1682894019.6545913~1682894049.7361994~49.mp4
1682894049.9632175,1682894080.3651996,saved_streams\output_video~1682894049.9632175~1682894080.1651852~50.mp4
1682894080.3722024,1682894110.6269455,saved_streams\output_video~1682894080.3722024~1682894110.4358702~51.mp4
1682894110.6339407,1682894140.9477952,saved_streams\output_video~1682894110.6339407~1682894140.7207928~52.mp4
1682894140.9577937,1682894171.2273865,saved_streams\output_video~1682894140.9577937~1682894171.040382~53.mp4
1682894171.2333858,1682894201.5887225,saved_streams\output_video~1682894171.2333858~1682894201.3347235~54.mp4
1682894201.596721,1682894231.9309163,saved_streams\output_video~1682894201.596721~1682894231.6799226~55.mp4
1682894231.9379158,1682894262.1962676,saved_streams\output_video~1682894231.9379158~1682894262.007267~56.mp4
1682894262.2052898,1682894292.4534423,saved_streams\output_video~1682894262.2052898~1682894292.258443~57.mp4
1682894292.460441,1682894322.70848,saved_streams\output_video~1682894292.460441~1682894322.5204608~58.mp4
1682894322.7144706,1682894352.9801762,saved_streams\output_video~1682894322.7144706~1682894352.7791505~59.mp4
1682894352.9871676,1682894383.268523,saved_streams\output_video~1682894352.9871676~1682894383.0695155~60.mp4
1682894383.2755172,1682894413.529895,saved_streams\output_video~1682894383.2755172~1682894413.346894~61.mp4
1682894413.536895,1682894443.7891688,saved_streams\output_video~1682894413.536895~1682894443.6051686~62.mp4
1682894443.796169,1682894474.0724683,saved_streams\output_video~1682894443.796169~1682894473.8674698~63.mp4
1682894474.0794718,1682894504.3357048,saved_streams\output_video~1682894474.0794718~1682894504.1504238~64.mp4
1682894504.342708,1682894534.5928402,saved_streams\output_video~1682894504.342708~1682894534.4018245~65.mp4
1682894534.5988402,1682894564.852365,saved_streams\output_video~1682894534.5988402~1682894564.661349~66.mp4
1682894564.8593624,1682894595.1188362,saved_streams\output_video~1682894564.8593624~1682894594.91182~67.mp4
1682894595.1328154,1682894625.3899212,saved_streams\output_video~1682894595.1328154~1682894625.1958156~68.mp4
1682894625.3969197,1682894655.688971,saved_streams\output_video~1682894625.3969197~1682894655.465966~69.mp4
1682894655.6959832,1682894685.9497502,saved_streams\output_video~1682894655.6959832~1682894685.7587292~70.mp4
1682894685.9567504,1682894716.1993444,saved_streams\output_video~1682894685.9567504~1682894716.0023425~71.mp4
1682894716.2063446,1682894746.5024354,saved_streams\output_video~1682894716.2063446~1682894746.2774136~72.mp4
1682894746.5114355,1682894776.7726643,saved_streams\output_video~1682894746.5114355~1682894776.5767245~73.mp4
